Feature,Gain,Cover,Frequency,forecast_horizon,forecast_horizon_label,Component
city_estimated_population,0.39130621989584957,0.35999892078566803,0.26490066225165565,0,H+0,City-week environmental-only LightGBM regressor
city_pop_density,0.07328491551030687,0.07878264623354198,0.054635761589403975,0,H+0,City-week environmental-only LightGBM regressor
city_area_weighted_v_component_of_wind_10m_lag11,0.06358548463504342,0.0420353982300885,0.029801324503311258,0,H+0,City-week environmental-only LightGBM regressor
city_area_weighted_u_component_of_wind_10m_lag9,0.06274338205386328,0.051505503993093026,0.024834437086092714,0,H+0,City-week environmental-only LightGBM regressor
city_area_weighted_rainfall_rollmean_lag1_w8,0.060510645965115316,0.0576570256853011,0.046357615894039736,0,H+0,City-week environmental-only LightGBM regressor
week_cos,0.04768576206867958,0.05050723073602417,0.08278145695364239,0,H+0,City-week environmental-only LightGBM regressor
week_sin,0.03755353411663677,0.03572199438808547,0.026490066225165563,0,H+0,City-week environmental-only LightGBM regressor
city_area_weighted_pop_density_lag20,0.03527648022645322,0.05659130153248435,0.057947019867549666,0,H+0,City-week environmental-only LightGBM regressor
city_area_weighted_temp_c_lag15,0.02715453570936824,0.023864126915605438,0.026490066225165563,0,H+0,City-week environmental-only LightGBM regressor
city_area_weighted_rh_rollmean_lag1_w8,0.025420097897896808,0.03019102093675804,0.029801324503311258,0,H+0,City-week environmental-only LightGBM regressor
city_area_weighted_temp_c_lag14,0.020919454079876262,0.021503345564429097,0.02152317880794702,0,H+0,City-week environmental-only LightGBM regressor
city_area_weighted_u_component_of_wind_10m_lag8,0.019384546382232744,0.0169166846535722,0.009933774834437087,0,H+0,City-week environmental-only LightGBM regressor
city_area_weighted_v_component_of_wind_10m_lag9,0.017095116012303967,0.017267429311461257,0.013245033112582781,0,H+0,City-week environmental-only LightGBM regressor
city_area_weighted_wind_speed_10m_rollmean_lag1_w4,0.011142408381461709,0.022177854521908052,0.039735099337748346,0,H+0,City-week environmental-only LightGBM regressor
city_area_weighted_rh_rollmean_lag1_w4,0.011099560858508932,0.01056281027412044,0.02152317880794702,0,H+0,City-week environmental-only LightGBM regressor
city_area_weighted_v_component_of_wind_10m_rollmean_lag1_w4,0.010091357383644492,0.007878264623354198,0.023178807947019868,0,H+0,City-week environmental-only LightGBM regressor
city_area_weighted_u_component_of_wind_10m_rollmean_lag1_w8,0.010018191936282528,0.017307899848909993,0.023178807947019868,0,H+0,City-week environmental-only LightGBM regressor
city_area_weighted_pop_density_rollmean_lag1_w8,0.009157018533480069,0.011291279948197713,0.023178807947019868,0,H+0,City-week environmental-only LightGBM regressor
city_area_weighted_pop_density_lag19,0.0085266355342457,0.011642024606086768,0.011589403973509934,0,H+0,City-week environmental-only LightGBM regressor
city_area_weighted_rainfall_rollmean_lag1_w4,0.008384851744896843,0.006380854737750918,0.02152317880794702,0,H+0,City-week environmental-only LightGBM regressor
city_area_weighted_temp_c_rollmean_lag1_w8,0.006818173025024436,0.004546190373408159,0.011589403973509934,0,H+0,City-week environmental-only LightGBM regressor
city_area_weighted_wind_speed_10m_rollmean_lag1_w8,0.006630530248000729,0.013152924670839629,0.029801324503311258,0,H+0,City-week environmental-only LightGBM regressor
city_area_weighted_temp_c_rollmean_lag1_w4,0.005572563108451186,0.0093621843298079,0.016556291390728478,0,H+0,City-week environmental-only LightGBM regressor
city_area_weighted_rainfall_lag20,0.0047846133605037675,0.006165011871357652,0.004966887417218543,0,H+0,City-week environmental-only LightGBM regressor
city_area_weighted_v_component_of_wind_10m_rollmean_lag1_w8,0.004728612099060745,0.00857975393913231,0.019867549668874173,0,H+0,City-week environmental-only LightGBM regressor
city_area_weighted_pop_density_rollmean_lag1_w4,0.004587248565807539,0.004343837686164472,0.009933774834437087,0,H+0,City-week environmental-only LightGBM regressor
city_area_weighted_wind_speed_10m_lag15,0.004106749696812171,0.003912151953377941,0.008278145695364239,0,H+0,City-week environmental-only LightGBM regressor
city_area_weighted_rh_lag20,0.003677882982657406,0.0038581912367796245,0.011589403973509934,0,H+0,City-week environmental-only LightGBM regressor
city_area_weighted_rh_lag19,0.00307119968337124,0.004168465357219944,0.009933774834437087,0,H+0,City-week environmental-only LightGBM regressor
city_area_weighted_u_component_of_wind_10m_rollmean_lag1_w4,0.002925736269347145,0.008390891431038204,0.019867549668874173,0,H+0,City-week environmental-only LightGBM regressor
city_area_weighted_rainfall_lag19,0.0015650233008320255,0.0020774875890351824,0.0016556291390728477,0,H+0,City-week environmental-only LightGBM regressor
city_area_weighted_wind_speed_10m_lag14,0.0011914687339852944,0.00165929203539823,0.0033112582781456954,0,H+0,City-week environmental-only LightGBM regressor
city_estimated_population,0.38838482176438854,0.350880829015544,0.26256983240223464,1,H+1,City-week environmental-only LightGBM regressor
city_pop_density,0.08373505946770371,0.07544041450777202,0.061452513966480445,1,H+1,City-week environmental-only LightGBM regressor
city_area_weighted_u_component_of_wind_10m_rollmean_lag1_w8,0.06916281791660647,0.06735751295336788,0.04655493482309125,1,H+1,City-week environmental-only LightGBM regressor
week_sin,0.06446113052493126,0.05320503330866025,0.040968342644320296,1,H+1,City-week environmental-only LightGBM regressor
city_area_weighted_u_component_of_wind_10m_lag8,0.055980012677799486,0.04809770540340488,0.0260707635009311,1,H+1,City-week environmental-only LightGBM regressor
week_cos,0.0509487213903444,0.046424870466321246,0.07076350093109869,1,H+1,City-week environmental-only LightGBM regressor
city_area_weighted_pop_density_lag20,0.04461626855193333,0.052820133234641006,0.0521415270018622,1,H+1,City-week environmental-only LightGBM regressor
city_area_weighted_rainfall_rollmean_lag1_w8,0.04377867512171332,0.05219837157660992,0.037243947858473,1,H+1,City-week environmental-only LightGBM regressor
city_area_weighted_rh_rollmean_lag1_w8,0.02721043974777967,0.0352479644707624,0.0260707635009311,1,H+1,City-week environmental-only LightGBM regressor
city_area_weighted_temp_c_lag14,0.02692083005702893,0.028911917098445594,0.037243947858473,1,H+1,City-week environmental-only LightGBM regressor
city_area_weighted_v_component_of_wind_10m_lag10,0.023487194142120707,0.023316062176165803,0.01675977653631285,1,H+1,City-week environmental-only LightGBM regressor
city_area_weighted_pop_density_rollmean_lag1_w8,0.01444802536755308,0.0076831976313841595,0.01303538175046555,1,H+1,City-week environmental-only LightGBM regressor
city_area_weighted_temp_c_rollmean_lag1_w8,0.01315816272507279,0.01006661732050333,0.024208566108007448,1,H+1,City-week environmental-only LightGBM regressor
city_area_weighted_temp_c_lag13,0.01005618028368269,0.01314581791265729,0.0186219739292365,1,H+1,City-week environmental-only LightGBM regressor
city_area_weighted_pop_density_lag19,0.009957260903339005,0.017364914877868246,0.0186219739292365,1,H+1,City-week environmental-only LightGBM regressor
city_area_weighted_u_component_of_wind_10m_rollmean_lag1_w4,0.008752319040575444,0.007549962990377498,0.027932960893854747,1,H+1,City-week environmental-only LightGBM regressor
city_area_weighted_v_component_of_wind_10m_rollmean_lag1_w4,0.007183727669561088,0.00849740932642487,0.0223463687150838,1,H+1,City-week environmental-only LightGBM regressor
city_area_weighted_rh_lag19,0.006762841370986261,0.008053293856402665,0.0148975791433892,1,H+1,City-week environmental-only LightGBM regressor
city_area_weighted_v_component_of_wind_10m_rollmean_lag1_w8,0.006649429301465768,0.01785344189489267,0.040968342644320296,1,H+1,City-week environmental-only LightGBM regressor
city_area_weighted_rainfall_rollmean_lag1_w4,0.006364437683059802,0.007520355292376018,0.01675977653631285,1,H+1,City-week environmental-only LightGBM regressor
city_area_weighted_wind_speed_10m_lag14,0.005311630472337532,0.006868985936343449,0.01675977653631285,1,H+1,City-week environmental-only LightGBM regressor
city_area_weighted_u_component_of_wind_10m_lag7,0.005292527835964106,0.004337527757216877,0.00186219739292365,1,H+1,City-week environmental-only LightGBM regressor
city_area_weighted_rh_rollmean_lag1_w4,0.005190573072204541,0.006632124352331606,0.01303538175046555,1,H+1,City-week environmental-only LightGBM regressor
city_area_weighted_wind_speed_10m_rollmean_lag1_w4,0.004666223981604826,0.015544041450777202,0.0297951582867784,1,H+1,City-week environmental-only LightGBM regressor
city_area_weighted_rainfall_lag19,0.004664849911575545,0.009859363434492969,0.0148975791433892,1,H+1,City-week environmental-only LightGBM regressor
city_area_weighted_v_component_of_wind_10m_lag8,0.004344261282673709,0.005980754996299038,0.0074487895716946,1,H+1,City-week environmental-only LightGBM regressor
city_area_weighted_wind_speed_10m_rollmean_lag1_w8,0.0035897664578105055,0.009933382679496668,0.0223463687150838,1,H+1,City-week environmental-only LightGBM regressor
city_area_weighted_rainfall_lag20,0.002058883386673054,0.0012879348630643968,0.00186219739292365,1,H+1,City-week environmental-only LightGBM regressor
city_area_weighted_wind_speed_10m_lag13,0.001910658303088785,0.0033308660251665434,0.00558659217877095,1,H+1,City-week environmental-only LightGBM regressor
city_area_weighted_temp_c_rollmean_lag1_w4,6.297174588781282e-4,0.0037453737971872686,0.00931098696461825,1,H+1,City-week environmental-only LightGBM regressor
city_area_weighted_pop_density_rollmean_lag1_w4,3.225521295435029e-4,8.43819393042191e-4,0.00186219739292365,1,H+1,City-week environmental-only LightGBM regressor
city_estimated_population,0.43270183379825317,0.38496929322369106,0.2962962962962963,2,H+2,City-week environmental-only LightGBM regressor
week_sin,0.1037419074545372,0.06730509003851358,0.044444444444444446,2,H+2,City-week environmental-only LightGBM regressor
city_area_weighted_u_component_of_wind_10m_rollmean_lag1_w8,0.0817882933116645,0.05924846466118455,0.044444444444444446,2,H+2,City-week environmental-only LightGBM regressor
city_area_weighted_rainfall_rollmean_lag1_w8,0.05492789582702203,0.05048402206724264,0.04938271604938271,2,H+2,City-week environmental-only LightGBM regressor
city_area_weighted_pop_density_lag20,0.048428347200213155,0.0618507338399084,0.06666666666666667,2,H+2,City-week environmental-only LightGBM regressor
week_cos,0.035704802499232496,0.04563339231810139,0.0691358024691358,2,H+2,City-week environmental-only LightGBM regressor
city_pop_density,0.03065023839818882,0.04109503487040699,0.03209876543209877,2,H+2,City-week environmental-only LightGBM regressor
city_area_weighted_rh_rollmean_lag1_w8,0.027461670484960204,0.02787550744248985,0.019753086419753086,2,H+2,City-week environmental-only LightGBM regressor
city_area_weighted_u_component_of_wind_10m_rollmean_lag1_w4,0.025339491783338927,0.0453835744769439,0.024691358024691357,2,H+2,City-week environmental-only LightGBM regressor
city_area_weighted_temp_c_lag13,0.02422098988125011,0.020464244821484335,0.024691358024691357,2,H+2,City-week environmental-only LightGBM regressor
city_area_weighted_wind_speed_10m_rollmean_lag1_w4,0.017801807242760703,0.025481419798063912,0.05185185185185185,2,H+2,City-week environmental-only LightGBM regressor
city_area_weighted_pop_density_rollmean_lag1_w8,0.017771665812051633,0.013719163110232123,0.027160493827160494,2,H+2,City-week environmental-only LightGBM regressor
city_area_weighted_u_component_of_wind_10m_lag7,0.015842623037684196,0.016154887061517645,0.009876543209876543,2,H+2,City-week environmental-only LightGBM regressor
city_area_weighted_rh_rollmean_lag1_w4,0.014911306249090003,0.026980326845008847,0.027160493827160494,2,H+2,City-week environmental-only LightGBM regressor
city_area_weighted_rh_lag20,0.014028016101449972,0.025356510877485167,0.02962962962962963,2,H+2,City-week environmental-only LightGBM regressor
city_area_weighted_rainfall_lag18,0.007052770075792079,0.013948162797959822,0.019753086419753086,2,H+2,City-week environmental-only LightGBM regressor
city_area_weighted_rainfall_rollmean_lag1_w4,0.005406413385928552,0.0022899968772769857,0.009876543209876543,2,H+2,City-week environmental-only LightGBM regressor
city_area_weighted_v_component_of_wind_10m_rollmean_lag1_w4,0.005220682224018021,0.006495263870094722,0.01728395061728395,2,H+2,City-week environmental-only LightGBM regressor
city_area_weighted_temp_c_rollmean_lag1_w8,0.004741232581818535,0.007744353075882169,0.014814814814814815,2,H+2,City-week environmental-only LightGBM regressor
city_area_weighted_temp_c_lag12,0.004593311990307831,0.009763713958571875,0.019753086419753086,2,H+2,City-week environmental-only LightGBM regressor
city_area_weighted_v_component_of_wind_10m_lag7,0.00436507239554928,0.0031435411678984075,0.007407407407407408,2,H+2,City-week environmental-only LightGBM regressor
city_area_weighted_pop_density_lag19,0.004255206160854316,0.008327261371916311,0.007407407407407408,2,H+2,City-week environmental-only LightGBM regressor
city_area_weighted_wind_speed_10m_lag13,0.0034630312765431158,0.002789632559591964,0.012345679012345678,2,H+2,City-week environmental-only LightGBM regressor
city_area_weighted_wind_speed_10m_rollmean_lag1_w8,0.0033983127866532396,0.010325804101176226,0.027160493827160494,2,H+2,City-week environmental-only LightGBM regressor
city_area_weighted_temp_c_rollmean_lag1_w4,0.0032117490007485595,0.0034974497762048505,0.009876543209876543,2,H+2,City-week environmental-only LightGBM regressor
city_area_weighted_u_component_of_wind_10m_lag6,0.002153475151818219,0.0040595399188092015,0.0049382716049382715,2,H+2,City-week environmental-only LightGBM regressor
city_area_weighted_rh_lag19,0.002140286144032254,0.001124180285208702,0.0024691358024691358,2,H+2,City-week environmental-only LightGBM regressor
city_area_weighted_wind_speed_10m_lag12,0.002026513271187146,0.0027063599458728013,0.0049382716049382715,2,H+2,City-week environmental-only LightGBM regressor
city_area_weighted_v_component_of_wind_10m_rollmean_lag1_w8,0.0019252335995680258,0.009284896429686686,0.019753086419753086,2,H+2,City-week environmental-only LightGBM regressor
city_area_weighted_v_component_of_wind_10m_lag9,7.258208734836906e-4,0.0024981784115748933,0.0049382716049382715,2,H+2,City-week environmental-only LightGBM regressor
city_estimated_population,0.3404171851786761,0.3208995368487345,0.24271844660194175,3,H+3,City-week environmental-only LightGBM regressor
week_sin,0.12336541753492324,0.0891139771966884,0.059870550161812294,3,H+3,City-week environmental-only LightGBM regressor
city_area_weighted_u_component_of_wind_10m_rollmean_lag1_w8,0.11921674327897462,0.10013514045422937,0.05177993527508091,3,H+3,City-week environmental-only LightGBM regressor
city_area_weighted_rainfall_rollmean_lag1_w8,0.05972863265894931,0.050028208929766324,0.05016181229773463,3,H+3,City-week environmental-only LightGBM regressor
city_pop_density,0.05920506482538207,0.05909442775233872,0.043689320388349516,3,H+3,City-week environmental-only LightGBM regressor
city_area_weighted_pop_density_lag20,0.05216377787074478,0.05696891769552725,0.05663430420711974,3,H+3,City-week environmental-only LightGBM regressor
city_area_weighted_pop_density_rollmean_lag1_w8,0.04016995009201993,0.01901150661925817,0.03559870550161812,3,H+3,City-week environmental-only LightGBM regressor
week_cos,0.027222482411723554,0.037091462534605144,0.05016181229773463,3,H+3,City-week environmental-only LightGBM regressor
city_area_weighted_temp_c_lag12,0.0257089370386594,0.037406352913392026,0.043689320388349516,3,H+3,City-week environmental-only LightGBM regressor
city_area_weighted_wind_speed_10m_rollmean_lag1_w4,0.0170705470470916,0.02583413149297401,0.05177993527508091,3,H+3,City-week environmental-only LightGBM regressor
city_area_weighted_u_component_of_wind_10m_lag6,0.01587279022681279,0.011913352664103809,0.011326860841423949,3,H+3,City-week environmental-only LightGBM regressor
city_area_weighted_temp_c_lag11,0.015816734696056062,0.01239880866473359,0.011326860841423949,3,H+3,City-week environmental-only LightGBM regressor
city_area_weighted_u_component_of_wind_10m_rollmean_lag1_w4,0.015481926173951789,0.027238017765065535,0.040453074433656956,3,H+3,City-week environmental-only LightGBM regressor
city_area_weighted_rainfall_rollmean_lag1_w4,0.015276349481835592,0.02219977170447538,0.022653721682847898,3,H+3,City-week environmental-only LightGBM regressor
city_area_weighted_rh_rollmean_lag1_w4,0.013091330297756556,0.02195048348793576,0.02750809061488673,3,H+3,City-week environmental-only LightGBM regressor
city_area_weighted_rh_rollmean_lag1_w8,0.012951708501438211,0.0220816878124303,0.019417475728155338,3,H+3,City-week environmental-only LightGBM regressor
city_area_weighted_pop_density_lag19,0.010192459460858314,0.01239880866473359,0.011326860841423949,3,H+3,City-week environmental-only LightGBM regressor
city_area_weighted_rh_lag20,0.007351447248008248,0.009695999580146162,0.01779935275080906,3,H+3,City-week environmental-only LightGBM regressor
city_area_weighted_rh_lag19,0.006203111518062265,0.011939593529002717,0.016181229773462782,3,H+3,City-week environmental-only LightGBM regressor
city_area_weighted_temp_c_rollmean_lag1_w8,0.005409290380599386,0.008646364984189879,0.01779935275080906,3,H+3,City-week environmental-only LightGBM regressor
city_area_weighted_rainfall_lag17,0.004993600687576912,0.004762716979151633,0.012944983818770227,3,H+3,City-week environmental-only LightGBM regressor
city_area_weighted_v_component_of_wind_10m_lag6,0.0025033266576051706,0.0028864951388797777,0.008090614886731391,3,H+3,City-week environmental-only LightGBM regressor
city_area_weighted_v_component_of_wind_10m_lag8,0.002326073349990002,0.005549942926118845,0.014563106796116505,3,H+3,City-week environmental-only LightGBM regressor
city_area_weighted_v_component_of_wind_10m_rollmean_lag1_w8,0.002308565153492178,0.0122544839077896,0.02750809061488673,3,H+3,City-week environmental-only LightGBM regressor
city_area_weighted_temp_c_rollmean_lag1_w4,0.002190878926030702,0.0036212393560491754,0.012944983818770227,3,H+3,City-week environmental-only LightGBM regressor
city_area_weighted_wind_speed_10m_rollmean_lag1_w8,0.0016852431300309095,0.007504887361087421,0.01779935275080906,3,H+3,City-week environmental-only LightGBM regressor
city_area_weighted_v_component_of_wind_10m_rollmean_lag1_w4,8.807792653348984e-4,0.003608118923599722,0.008090614886731391,3,H+3,City-week environmental-only LightGBM regressor
city_area_weighted_wind_speed_10m_lag12,4.6413342987953196e-4,7.60985082068305e-4,0.003236245954692557,3,H+3,City-week environmental-only LightGBM regressor
city_area_weighted_pop_density_rollmean_lag1_w4,3.085497125271678e-4,0.0017581379482267735,0.0048543689320388345,3,H+3,City-week environmental-only LightGBM regressor
city_area_weighted_wind_speed_10m_lag11,3.022277984941056e-4,5.772990277759554e-4,0.003236245954692557,3,H+3,City-week environmental-only LightGBM regressor
city_area_weighted_rainfall_lag20,1.207359665146275e-4,6.691420549221303e-4,0.0048543689320388345,3,H+3,City-week environmental-only LightGBM regressor
city_estimated_population,0.41528381326229874,0.3652317384130793,0.29850746268656714,4,H+4,City-week environmental-only LightGBM regressor
week_sin,0.14612084210844936,0.10619469026548672,0.09203980099502487,4,H+4,City-week environmental-only LightGBM regressor
city_area_weighted_u_component_of_wind_10m_rollmean_lag1_w8,0.1423196543884703,0.11054447277636119,0.05472636815920398,4,H+4,City-week environmental-only LightGBM regressor
city_area_weighted_rainfall_rollmean_lag1_w8,0.03588184188682595,0.04206218260515546,0.05472636815920398,4,H+4,City-week environmental-only LightGBM regressor
city_area_weighted_pop_density_lag20,0.034223029022422934,0.05166170262915425,0.05721393034825871,4,H+4,City-week environmental-only LightGBM regressor
city_pop_density,0.030502024741209603,0.04778332511945831,0.04228855721393035,4,H+4,City-week environmental-only LightGBM regressor
city_area_weighted_u_component_of_wind_10m_rollmean_lag1_w4,0.02282386155181275,0.02723435256808588,0.012437810945273632,4,H+4,City-week environmental-only LightGBM regressor
city_area_weighted_rainfall_rollmean_lag1_w4,0.02144054967028003,0.03983372259958431,0.04975124378109453,4,H+4,City-week environmental-only LightGBM regressor
city_area_weighted_pop_density_lag19,0.019985646958171063,0.02129893505324734,0.01990049751243781,4,H+4,City-week environmental-only LightGBM regressor
city_area_weighted_temp_c_lag11,0.018505743244443172,0.016542030041355075,0.022388059701492536,4,H+4,City-week environmental-only LightGBM regressor
city_area_weighted_rh_lag20,0.017415676969538437,0.023013135057532837,0.03980099502487562,4,H+4,City-week environmental-only LightGBM regressor
week_cos,0.01710485468096555,0.03451970258629926,0.04228855721393035,4,H+4,City-week environmental-only LightGBM regressor
city_area_weighted_temp_c_lag10,0.011764877412993896,0.018920482547301207,0.017412935323383085,4,H+4,City-week environmental-only LightGBM regressor
city_area_weighted_v_component_of_wind_10m_rollmean_lag1_w8,0.010167813740428109,0.013477897533694744,0.01990049751243781,4,H+4,City-week environmental-only LightGBM regressor
city_area_weighted_wind_speed_10m_rollmean_lag1_w4,0.009880056719133699,0.023270265058175664,0.04228855721393035,4,H+4,City-week environmental-only LightGBM regressor
city_area_weighted_temp_c_rollmean_lag1_w8,0.009355978523489534,0.008592427521481068,0.017412935323383085,4,H+4,City-week environmental-only LightGBM regressor
city_area_weighted_pop_density_rollmean_lag1_w8,0.008243323991954076,0.007113930017784825,0.014925373134328358,4,H+4,City-week environmental-only LightGBM regressor
city_area_weighted_v_component_of_wind_10m_rollmean_lag1_w4,0.005419943178970784,0.004349782510874456,0.014925373134328358,4,H+4,City-week environmental-only LightGBM regressor
city_area_weighted_v_component_of_wind_10m_lag5,0.004854755690609946,0.006556815016392038,0.012437810945273632,4,H+4,City-week environmental-only LightGBM regressor
city_area_weighted_rh_lag19,0.004710359732277991,0.009878077524695194,0.017412935323383085,4,H+4,City-week environmental-only LightGBM regressor
city_area_weighted_wind_speed_10m_lag11,0.003362983866422344,0.0028927125072317813,0.014925373134328358,4,H+4,City-week environmental-only LightGBM regressor
city_area_weighted_temp_c_rollmean_lag1_w4,0.002947600163665006,0.0013499325033748313,0.004975124378109453,4,H+4,City-week environmental-only LightGBM regressor
city_area_weighted_rh_rollmean_lag1_w8,0.002076505914199995,0.00634254001585635,0.009950248756218905,4,H+4,City-week environmental-only LightGBM regressor
city_area_weighted_wind_speed_10m_rollmean_lag1_w8,0.0018277335929706815,4.0712250101780623e-4,0.0024875621890547263,4,H+4,City-week environmental-only LightGBM regressor
city_area_weighted_rh_rollmean_lag1_w4,0.0016616561961742826,0.004842615012106538,0.009950248756218905,4,H+4,City-week environmental-only LightGBM regressor
city_area_weighted_v_component_of_wind_10m_lag7,9.831009265351075e-4,0.0025284450063211127,0.007462686567164179,4,H+4,City-week environmental-only LightGBM regressor
city_area_weighted_u_component_of_wind_10m_lag4,7.370788825105676e-4,7.71390001928475e-4,0.0024875621890547263,4,H+4,City-week environmental-only LightGBM regressor
city_area_weighted_pop_density_rollmean_lag1_w4,3.31163440869917e-4,0.002314170005785425,0.0024875621890547263,4,H+4,City-week environmental-only LightGBM regressor
city_area_weighted_rainfall_lag19,6.752954190613989e-5,4.714050011785125e-4,0.0024875621890547263,4,H+4,City-week environmental-only LightGBM regressor
city_estimated_population,0.35603698767836733,0.3558329159013747,0.2923076923076923,5,H+5,City-week environmental-only LightGBM regressor
week_sin,0.18242566545023978,0.13722379918739913,0.13333333333333333,5,H+5,City-week environmental-only LightGBM regressor
city_area_weighted_u_component_of_wind_10m_rollmean_lag1_w8,0.09247818547405433,0.09143151332999387,0.05299145299145299,5,H+5,City-week environmental-only LightGBM regressor
city_pop_density,0.06195710777675891,0.06024934602326487,0.04786324786324787,5,H+5,City-week environmental-only LightGBM regressor
city_area_weighted_pop_density_lag20,0.05555147473900811,0.07017031223910503,0.07179487179487179,5,H+5,City-week environmental-only LightGBM regressor
city_area_weighted_rainfall_rollmean_lag1_w8,0.03995696689610608,0.027244392497356263,0.04957264957264957,5,H+5,City-week environmental-only LightGBM regressor
city_area_weighted_u_component_of_wind_10m_rollmean_lag1_w4,0.034827403201087785,0.04213279902042634,0.018803418803418803,5,H+5,City-week environmental-only LightGBM regressor
city_area_weighted_pop_density_rollmean_lag1_w8,0.03138834774489251,0.016015472811265096,0.03076923076923077,5,H+5,City-week environmental-only LightGBM regressor
city_area_weighted_temp_c_lag10,0.029517128869652232,0.01854789336004898,0.022222222222222223,5,H+5,City-week environmental-only LightGBM regressor
city_area_weighted_rainfall_rollmean_lag1_w4,0.029412611158776848,0.03612177881671954,0.02564102564102564,5,H+5,City-week environmental-only LightGBM regressor
city_area_weighted_pop_density_rollmean_lag1_w4,0.023536098719468546,0.009364390271052484,0.017094017094017096,5,H+5,City-week environmental-only LightGBM regressor
city_area_weighted_temp_c_lag9,0.009488132501408349,0.010853230923359493,0.008547008547008548,5,H+5,City-week environmental-only LightGBM regressor
city_area_weighted_temp_c_rollmean_lag1_w8,0.008094651908722885,0.010811487727500417,0.017094017094017096,5,H+5,City-week environmental-only LightGBM regressor
city_area_weighted_rh_lag19,0.0064008508366808145,0.016919908721545054,0.023931623931623933,5,H+5,City-week environmental-only LightGBM regressor
city_area_weighted_v_component_of_wind_10m_rollmean_lag1_w8,0.0060454430030044875,0.00780597762564702,0.018803418803418803,5,H+5,City-week environmental-only LightGBM regressor
city_area_weighted_pop_density_lag19,0.005922970562167554,0.013455223465241832,0.013675213675213675,5,H+5,City-week environmental-only LightGBM regressor
city_area_weighted_rh_lag18,0.004315241095080967,0.010032281404797685,0.017094017094017096,5,H+5,City-week environmental-only LightGBM regressor
city_area_weighted_v_component_of_wind_10m_rollmean_lag1_w4,0.004300178665082522,0.006136249791284021,0.020512820512820513,5,H+5,City-week environmental-only LightGBM regressor
city_area_weighted_rh_rollmean_lag1_w8,0.0035947649062039668,0.008571269549730061,0.013675213675213675,5,H+5,City-week environmental-only LightGBM regressor
city_area_weighted_wind_speed_10m_rollmean_lag1_w4,0.0028476727045497335,0.006317136973340012,0.013675213675213675,5,H+5,City-week environmental-only LightGBM regressor
city_area_weighted_rh_rollmean_lag1_w4,0.002708097243221495,0.009030444704179885,0.017094017094017096,5,H+5,City-week environmental-only LightGBM regressor
city_area_weighted_v_component_of_wind_10m_lag6,0.0023816964760865257,0.014039628207268881,0.02564102564102564,5,H+5,City-week environmental-only LightGBM regressor
city_area_weighted_wind_speed_10m_rollmean_lag1_w8,0.0021921230684435362,0.003965603606612122,0.005128205128205128,5,H+5,City-week environmental-only LightGBM regressor
city_area_weighted_temp_c_rollmean_lag1_w4,0.0013486811987751003,0.0031863972839093896,0.010256410256410256,5,H+5,City-week environmental-only LightGBM regressor
week_cos,0.0011901757633308893,0.006289308176100629,0.008547008547008548,5,H+5,City-week environmental-only LightGBM regressor
city_area_weighted_u_component_of_wind_10m_lag4,6.873122624222956e-4,0.002365447765347582,0.005128205128205128,5,H+5,City-week environmental-only LightGBM regressor
city_area_weighted_wind_speed_10m_lag10,5.094803121042094e-4,0.0010853230923359492,0.006837606837606838,5,H+5,City-week environmental-only LightGBM regressor
city_area_weighted_rainfall_lag18,5.023383229235875e-4,0.0012383814771525575,0.005128205128205128,5,H+5,City-week environmental-only LightGBM regressor
city_area_weighted_v_component_of_wind_10m_lag4,2.505876552324845e-4,0.00226804697500974,0.003418803418803419,5,H+5,City-week environmental-only LightGBM regressor
city_area_weighted_rainfall_lag19,9.723698098327388e-5,9.74007903378416e-4,0.0017094017094017094,5,H+5,City-week environmental-only LightGBM regressor
city_area_weighted_u_component_of_wind_10m_lag3,3.438682516285928e-5,3.200311682529081e-4,0.0017094017094017094,5,H+5,City-week environmental-only LightGBM regressor
city_estimated_population,0.3856205532958236,0.36269116672906887,0.26618705035971224,6,H+6,City-week environmental-only LightGBM regressor
city_area_weighted_u_component_of_wind_10m_rollmean_lag1_w8,0.15307030075393152,0.11639929725526338,0.07733812949640288,6,H+6,City-week environmental-only LightGBM regressor
week_sin,0.08919784805497709,0.07564586273436825,0.08093525179856115,6,H+6,City-week environmental-only LightGBM regressor
city_pop_density,0.0831199142068874,0.08216929235909104,0.0683453237410072,6,H+6,City-week environmental-only LightGBM regressor
city_area_weighted_rainfall_rollmean_lag1_w4,0.07709714259893878,0.06297341666426658,0.05755395683453238,6,H+6,City-week environmental-only LightGBM regressor
city_area_weighted_pop_density_lag20,0.046300444539672296,0.06850321131303821,0.0683453237410072,6,H+6,City-week environmental-only LightGBM regressor
city_area_weighted_pop_density_rollmean_lag1_w8,0.030647202799919275,0.022522392788226146,0.03237410071942446,6,H+6,City-week environmental-only LightGBM regressor
city_area_weighted_rainfall_rollmean_lag1_w8,0.027470843502082593,0.012874053166671466,0.03237410071942446,6,H+6,City-week environmental-only LightGBM regressor
city_area_weighted_u_component_of_wind_10m_rollmean_lag1_w4,0.015944862140528936,0.02798018490250857,0.019784172661870502,6,H+6,City-week environmental-only LightGBM regressor
city_area_weighted_v_component_of_wind_10m_rollmean_lag1_w4,0.01262500381113353,0.02027591371216267,0.030575539568345324,6,H+6,City-week environmental-only LightGBM regressor
city_area_weighted_temp_c_lag9,0.012083696407847733,0.011578007545865614,0.014388489208633094,6,H+6,City-week environmental-only LightGBM regressor
city_area_weighted_v_component_of_wind_10m_rollmean_lag1_w8,0.011425279256560927,0.011174793352726016,0.02697841726618705,6,H+6,City-week environmental-only LightGBM regressor
city_area_weighted_rh_rollmean_lag1_w8,0.00806665220739933,0.013680481552950664,0.019784172661870502,6,H+6,City-week environmental-only LightGBM regressor
city_area_weighted_wind_speed_10m_rollmean_lag1_w4,0.008049230177249733,0.013795685608133407,0.023381294964028777,6,H+6,City-week environmental-only LightGBM regressor
city_area_weighted_rh_lag18,0.006814282575374203,0.018807062008582703,0.02697841726618705,6,H+6,City-week environmental-only LightGBM regressor
city_area_weighted_pop_density_lag19,0.006479394162755203,0.012413236945940497,0.012589928057553957,6,H+6,City-week environmental-only LightGBM regressor
city_area_weighted_temp_c_rollmean_lag1_w4,0.005001438135717648,0.009158722387028024,0.03237410071942446,6,H+6,City-week environmental-only LightGBM regressor
city_area_weighted_rh_lag17,0.003809807205280344,0.006739437228190433,0.012589928057553957,6,H+6,City-week environmental-only LightGBM regressor
city_area_weighted_rh_rollmean_lag1_w4,0.003722941906110144,0.009806745197430949,0.023381294964028777,6,H+6,City-week environmental-only LightGBM regressor
city_area_weighted_temp_c_lag8,0.0032548087321095905,0.007646669162754529,0.014388489208633094,6,H+6,City-week environmental-only LightGBM regressor
city_area_weighted_wind_speed_10m_rollmean_lag1_w8,0.0030481140580499856,0.007877077273120014,0.007194244604316547,6,H+6,City-week environmental-only LightGBM regressor
city_area_weighted_v_component_of_wind_10m_lag5,0.0018393941773555715,0.007949079807609227,0.012589928057553957,6,H+6,City-week environmental-only LightGBM regressor
city_area_weighted_u_component_of_wind_10m_lag3,0.0014924992464577977,0.0026064917485095476,0.0035971223021582736,6,H+6,City-week environmental-only LightGBM regressor
city_area_weighted_temp_c_rollmean_lag1_w8,0.0010709053253170724,0.002289680596757006,0.0035971223021582736,6,H+6,City-week environmental-only LightGBM regressor
week_cos,7.65678372330453e-4,0.0035569252037671727,0.008992805755395683,6,H+6,City-week environmental-only LightGBM regressor
city_area_weighted_wind_speed_10m_lag9,7.418774726843371e-4,0.001915267417413093,0.0017985611510791368,6,H+6,City-week environmental-only LightGBM regressor
city_area_weighted_pop_density_rollmean_lag1_w4,3.7687111836582667e-4,0.002880101379568561,0.007194244604316547,6,H+6,City-week environmental-only LightGBM regressor
city_area_weighted_v_component_of_wind_10m_lag3,3.059908382482301e-4,4.464157138331269e-4,0.0017985611510791368,6,H+6,City-week environmental-only LightGBM regressor
city_area_weighted_u_component_of_wind_10m_lag2,2.81149893491422e-4,0.00200167045880015,0.007194244604316547,6,H+6,City-week environmental-only LightGBM regressor
city_area_weighted_rainfall_lag17,2.116798729993343e-4,3.600126724460701e-4,0.0017985611510791368,6,H+6,City-week environmental-only LightGBM regressor
city_area_weighted_rainfall_lag20,4.859775671536198e-5,3.744131793439129e-4,0.0017985611510791368,6,H+6,City-week environmental-only LightGBM regressor
city_area_weighted_wind_speed_10m_lag8,1.5595397684697882e-5,9.072319345640967e-4,0.0017985611510791368,6,H+6,City-week environmental-only LightGBM regressor
city_estimated_population,0.3891211974666307,0.3528320084171148,0.27238805970149255,7,H+7,City-week environmental-only LightGBM regressor
city_area_weighted_v_component_of_wind_10m_rollmean_lag1_w8,0.1634722971599298,0.12029459901800327,0.0914179104477612,7,H+7,City-week environmental-only LightGBM regressor
city_area_weighted_rainfall_rollmean_lag1_w4,0.08730008776476751,0.05909516015898995,0.05970149253731343,7,H+7,City-week environmental-only LightGBM regressor
city_pop_density,0.08436114281457098,0.08129237783493103,0.05970149253731343,7,H+7,City-week environmental-only LightGBM regressor
city_area_weighted_u_component_of_wind_10m_rollmean_lag1_w8,0.04988428776383726,0.05840834697217676,0.06343283582089553,7,H+7,City-week environmental-only LightGBM regressor
city_area_weighted_pop_density_lag20,0.04760907115820497,0.06936813186813187,0.0708955223880597,7,H+7,City-week environmental-only LightGBM regressor
city_area_weighted_rainfall_rollmean_lag1_w8,0.028496172963149213,0.021481178396072012,0.027985074626865673,7,H+7,City-week environmental-only LightGBM regressor
week_sin,0.026270015969360162,0.02909457563712883,0.029850746268656716,7,H+7,City-week environmental-only LightGBM regressor
city_area_weighted_u_component_of_wind_10m_rollmean_lag1_w4,0.022383409484881385,0.013297872340425532,0.009328358208955223,7,H+7,City-week environmental-only LightGBM regressor
city_area_weighted_rh_rollmean_lag1_w8,0.013597719824822942,0.01714110357727379,0.027985074626865673,7,H+7,City-week environmental-only LightGBM regressor
city_area_weighted_pop_density_rollmean_lag1_w8,0.012600114432588095,0.007817979892447978,0.014925373134328358,7,H+7,City-week environmental-only LightGBM regressor
city_area_weighted_pop_density_lag19,0.012237372265600571,0.026318096796820203,0.026119402985074626,7,H+7,City-week environmental-only LightGBM regressor
city_area_weighted_temp_c_lag8,0.011603436805867128,0.014861468318915128,0.022388059701492536,7,H+7,City-week environmental-only LightGBM regressor
city_area_weighted_rh_lag17,0.008203422097425845,0.02504676174888941,0.03917910447761194,7,H+7,City-week environmental-only LightGBM regressor
city_area_weighted_v_component_of_wind_10m_rollmean_lag1_w4,0.007745267886111496,0.006809679682020108,0.018656716417910446,7,H+7,City-week environmental-only LightGBM regressor
city_area_weighted_rh_rollmean_lag1_w4,0.007167070060493352,0.02213876548982932,0.03171641791044776,7,H+7,City-week environmental-only LightGBM regressor
city_area_weighted_pop_density_rollmean_lag1_w4,0.0053997176931455,0.006239770867430442,0.013059701492537313,7,H+7,City-week environmental-only LightGBM regressor
city_area_weighted_wind_speed_10m_rollmean_lag1_w8,0.004216450290904975,0.007803366845920037,0.011194029850746268,7,H+7,City-week environmental-only LightGBM regressor
city_area_weighted_rh_lag16,0.0036352760566725597,0.01005377601122282,0.018656716417910446,7,H+7,City-week environmental-only LightGBM regressor
week_cos,0.0035860435585791336,0.014247720364741642,0.027985074626865673,7,H+7,City-week environmental-only LightGBM regressor
city_area_weighted_wind_speed_10m_rollmean_lag1_w4,0.0027037842541779394,0.00702887537993921,0.011194029850746268,7,H+7,City-week environmental-only LightGBM regressor
city_area_weighted_v_component_of_wind_10m_lag2,0.0023850862170178015,0.0035509703062894553,0.0037313432835820895,7,H+7,City-week environmental-only LightGBM regressor
city_area_weighted_u_component_of_wind_10m_lag2,0.0019005078249776613,0.004968435819499649,0.005597014925373134,7,H+7,City-week environmental-only LightGBM regressor
city_area_weighted_temp_c_rollmean_lag1_w8,0.0011007968502324036,0.006166705634790741,0.013059701492537313,7,H+7,City-week environmental-only LightGBM regressor
city_area_weighted_wind_speed_10m_lag7,0.001098189946095788,0.0021919569791910218,0.0037313432835820895,7,H+7,City-week environmental-only LightGBM regressor
city_area_weighted_v_component_of_wind_10m_lag4,9.3894440790584e-4,0.005859831657703998,0.009328358208955223,7,H+7,City-week environmental-only LightGBM regressor
city_area_weighted_temp_c_lag7,5.191420906469385e-4,0.003594809445873276,0.005597014925373134,7,H+7,City-week environmental-only LightGBM regressor
city_area_weighted_rainfall_lag19,1.6645731314373648e-4,0.001899696048632219,0.0037313432835820895,7,H+7,City-week environmental-only LightGBM regressor
city_area_weighted_rainfall_lag16,1.3766129869914603e-4,3.653261631985036e-4,0.0018656716417910447,7,H+7,City-week environmental-only LightGBM regressor
city_area_weighted_temp_c_rollmean_lag1_w4,9.354668338175384e-5,4.96843581949965e-4,0.0037313432835820895,7,H+7,City-week environmental-only LightGBM regressor
city_area_weighted_wind_speed_10m_lag8,6.630959617739289e-5,2.3380874444704232e-4,0.0018656716417910447,7,H+7,City-week environmental-only LightGBM regressor
city_estimated_population,0.4565579429527011,0.42819936335507425,0.3171355498721228,8,H+8,City-week environmental-only LightGBM regressor
city_area_weighted_v_component_of_wind_10m_rollmean_lag1_w8,0.204131263241433,0.1514369031453821,0.1278772378516624,8,H+8,City-week environmental-only LightGBM regressor
city_area_weighted_pop_density_lag20,0.04758166555379855,0.0718562874251497,0.0741687979539642,8,H+8,City-week environmental-only LightGBM regressor
city_area_weighted_rainfall_rollmean_lag1_w4,0.04135185538431119,0.025198673285399462,0.028132992327365727,8,H+8,City-week environmental-only LightGBM regressor
city_area_weighted_u_component_of_wind_10m_rollmean_lag1_w8,0.03887506568060779,0.045900763528704674,0.056265984654731455,8,H+8,City-week environmental-only LightGBM regressor
city_area_weighted_rainfall_rollmean_lag1_w8,0.036471438877508824,0.031498341606749324,0.030690537084398978,8,H+8,City-week environmental-only LightGBM regressor
city_area_weighted_pop_density_rollmean_lag1_w8,0.03602751675466557,0.029183269149433474,0.030690537084398978,8,H+8,City-week environmental-only LightGBM regressor
city_pop_density,0.02485333749435168,0.039111368341384144,0.030690537084398978,8,H+8,City-week environmental-only LightGBM regressor
city_area_weighted_rh_rollmean_lag1_w8,0.015387937883393406,0.023796273623756206,0.030690537084398978,8,H+8,City-week environmental-only LightGBM regressor
city_area_weighted_temp_c_lag6,0.013614031680107488,0.014936669412105157,0.020460358056265986,8,H+8,City-week environmental-only LightGBM regressor
city_area_weighted_wind_speed_10m_rollmean_lag1_w8,0.012135150745016303,0.011285978229414776,0.02557544757033248,8,H+8,City-week environmental-only LightGBM regressor
city_area_weighted_u_component_of_wind_10m_rollmean_lag1_w4,0.010018765481710186,0.009794537319413219,0.0076726342710997444,8,H+8,City-week environmental-only LightGBM regressor
city_area_weighted_rh_rollmean_lag1_w4,0.009570221530008364,0.017585646550764642,0.03580562659846547,8,H+8,City-week environmental-only LightGBM regressor
city_area_weighted_u_component_of_wind_10m_lag1,0.007871234461643959,0.004986309908064911,0.01278772378516624,8,H+8,City-week environmental-only LightGBM regressor
city_area_weighted_temp_c_lag7,0.007838084627510188,0.009015426396278076,0.01278772378516624,8,H+8,City-week environmental-only LightGBM regressor
city_area_weighted_temp_c_rollmean_lag1_w8,0.006976908771325726,0.020012020568528372,0.028132992327365727,8,H+8,City-week environmental-only LightGBM regressor
city_area_weighted_pop_density_lag19,0.005932250151979438,0.012621596954789305,0.01278772378516624,8,H+8,City-week environmental-only LightGBM regressor
city_area_weighted_v_component_of_wind_10m_lag1,0.004450597658757113,0.004095897424481891,0.010230179028132993,8,H+8,City-week environmental-only LightGBM regressor
city_area_weighted_v_component_of_wind_10m_rollmean_lag1_w4,0.0036365716146189143,0.002693497762838635,0.005115089514066497,8,H+8,City-week environmental-only LightGBM regressor
city_area_weighted_pop_density_rollmean_lag1_w4,0.003554237110405567,0.0042071989849297685,0.0076726342710997444,8,H+8,City-week environmental-only LightGBM regressor
city_area_weighted_rh_lag15,0.002508792891061557,0.0019366471517930682,0.005115089514066497,8,H+8,City-week environmental-only LightGBM regressor
city_area_weighted_rh_lag16,0.002447479049338572,0.012042828840460344,0.020460358056265986,8,H+8,City-week environmental-only LightGBM regressor
city_area_weighted_temp_c_rollmean_lag1_w4,0.001983669328146228,0.008837343899561471,0.010230179028132993,8,H+8,City-week environmental-only LightGBM regressor
week_sin,0.0019238875544172623,0.0036952118068695325,0.010230179028132993,8,H+8,City-week environmental-only LightGBM regressor
week_cos,0.0016553762106362145,0.0061215858246332615,0.017902813299232736,8,H+8,City-week environmental-only LightGBM regressor
city_area_weighted_wind_speed_10m_rollmean_lag1_w4,0.0014271782946936517,0.004541103666273401,0.010230179028132993,8,H+8,City-week environmental-only LightGBM regressor
city_area_weighted_u_component_of_wind_10m_lag2,6.839568832635996e-4,0.0013578790374641052,0.0076726342710997444,8,H+8,City-week environmental-only LightGBM regressor
city_area_weighted_v_component_of_wind_10m_lag3,5.185549562507957e-4,0.003183224628809296,0.010230179028132993,8,H+8,City-week environmental-only LightGBM regressor
city_area_weighted_rainfall_lag18,1.502717633780993e-5,8.681521714934443e-4,0.0025575447570332483,8,H+8,City-week environmental-only LightGBM regressor
city_estimated_population,0.4820771879417802,0.4291177084057568,0.31887755102040816,9,H+9,City-week environmental-only LightGBM regressor
city_area_weighted_v_component_of_wind_10m_rollmean_lag1_w8,0.19816861349373244,0.1298523720132564,0.09183673469387756,9,H+9,City-week environmental-only LightGBM regressor
city_area_weighted_pop_density_lag20,0.06839606192133642,0.07318825465248326,0.08163265306122448,9,H+9,City-week environmental-only LightGBM regressor
city_area_weighted_u_component_of_wind_10m_rollmean_lag1_w8,0.027529628888992623,0.04431157153120582,0.058673469387755105,9,H+9,City-week environmental-only LightGBM regressor
city_area_weighted_rh_rollmean_lag1_w8,0.02645229554640538,0.029456070824352823,0.04591836734693878,9,H+9,City-week environmental-only LightGBM regressor
city_area_weighted_rainfall_lag20,0.024365688096686308,0.04053396370715428,0.03571428571428571,9,H+9,City-week environmental-only LightGBM regressor
city_area_weighted_pop_density_lag19,0.020292793669723145,0.022920577533662424,0.02295918367346939,9,H+9,City-week environmental-only LightGBM regressor
city_pop_density,0.019931344399531106,0.02542353241094811,0.017857142857142856,9,H+9,City-week environmental-only LightGBM regressor
city_area_weighted_pop_density_rollmean_lag1_w4,0.018300827913665003,0.0057707015226308835,0.01020408163265306,9,H+9,City-week environmental-only LightGBM regressor
city_area_weighted_v_component_of_wind_10m_rollmean_lag1_w4,0.013873031363724945,0.011889035667107,0.015306122448979591,9,H+9,City-week environmental-only LightGBM regressor
city_area_weighted_pop_density_rollmean_lag1_w8,0.012313549565970729,0.010220399082249879,0.01020408163265306,9,H+9,City-week environmental-only LightGBM regressor
city_area_weighted_rh_rollmean_lag1_w4,0.011753641383743192,0.01759021066536884,0.03826530612244898,9,H+9,City-week environmental-only LightGBM regressor
city_area_weighted_wind_speed_10m_rollmean_lag1_w8,0.011257714105596783,0.02720804653642031,0.03316326530612245,9,H+9,City-week environmental-only LightGBM regressor
city_area_weighted_temp_c_lag5,0.00999026329348369,0.010150872557880832,0.01020408163265306,9,H+9,City-week environmental-only LightGBM regressor
city_area_weighted_rainfall_rollmean_lag1_w8,0.009729343089612767,0.0083200074161626,0.01020408163265306,9,H+9,City-week environmental-only LightGBM regressor
week_sin,0.008170970655608555,0.0071612320100118195,0.02295918367346939,9,H+9,City-week environmental-only LightGBM regressor
city_area_weighted_temp_c_rollmean_lag1_w8,0.006841787265112021,0.027161695520174278,0.03826530612244898,9,H+9,City-week environmental-only LightGBM regressor
city_area_weighted_rh_lag14,0.0064484269345044505,0.009803239936035598,0.01020408163265306,9,H+9,City-week environmental-only LightGBM regressor
city_area_weighted_rainfall_rollmean_lag1_w4,0.004356133602094711,0.01121694593153955,0.012755102040816327,9,H+9,City-week environmental-only LightGBM regressor
city_area_weighted_u_component_of_wind_10m_rollmean_lag1_w4,0.003737672755273361,0.004635101624603119,0.002551020408163265,9,H+9,City-week environmental-only LightGBM regressor
week_cos,0.003586743023114879,0.0209506593432061,0.04846938775510204,9,H+9,City-week environmental-only LightGBM regressor
city_area_weighted_rh_lag15,0.003096554945838994,0.0038239588402975734,0.00510204081632653,9,H+9,City-week environmental-only LightGBM regressor
city_area_weighted_v_component_of_wind_10m_lag1,0.0020319575836830178,0.0032677466453451993,0.012755102040816327,9,H+9,City-week environmental-only LightGBM regressor
city_area_weighted_temp_c_lag6,0.0019401415087618357,0.0035226772346983706,0.007653061224489796,9,H+9,City-week environmental-only LightGBM regressor
city_area_weighted_wind_speed_10m_lag5,0.0013346120075511895,0.003453150710329324,0.00510204081632653,9,H+9,City-week environmental-only LightGBM regressor
city_area_weighted_wind_speed_10m_rollmean_lag1_w4,0.0012285836073527802,0.004611926116480104,0.007653061224489796,9,H+9,City-week environmental-only LightGBM regressor
city_area_weighted_temp_c_rollmean_lag1_w4,0.0011642531283072234,0.009478782822313379,0.017857142857142856,9,H+9,City-week environmental-only LightGBM regressor
city_area_weighted_rainfall_lag14,9.907707407528009e-4,0.004333820019003917,0.00510204081632653,9,H+9,City-week environmental-only LightGBM regressor
city_area_weighted_wind_speed_10m_lag6,6.394075680594161e-4,6.257387193214211e-4,0.002551020408163265,9,H+9,City-week environmental-only LightGBM regressor
city_estimated_population,0.4867064127171109,0.4380557754085386,0.3013698630136986,10,H+10,City-week environmental-only LightGBM regressor
city_area_weighted_v_component_of_wind_10m_rollmean_lag1_w8,0.085589833993883,0.054378695469993944,0.0547945205479452,10,H+10,City-week environmental-only LightGBM regressor
city_area_weighted_pop_density_lag20,0.06971787324479377,0.09516271707248941,0.1232876712328767,10,H+10,City-week environmental-only LightGBM regressor
city_area_weighted_v_component_of_wind_10m_rollmean_lag1_w4,0.05543176186108072,0.04553284603566274,0.0547945205479452,10,H+10,City-week environmental-only LightGBM regressor
city_area_weighted_temp_c_rollmean_lag1_w8,0.046069258744781884,0.045951859956236324,0.0410958904109589,10,H+10,City-week environmental-only LightGBM regressor
city_area_weighted_temp_c_rollmean_lag1_w4,0.03537957067350597,0.03948042273848876,0.0547945205479452,10,H+10,City-week environmental-only LightGBM regressor
city_area_weighted_rainfall_rollmean_lag1_w8,0.025360082455284358,0.05242329717398389,0.03424657534246575,10,H+10,City-week environmental-only LightGBM regressor
city_area_weighted_rainfall_lag20,0.02439267992824201,0.023604450858978537,0.03424657534246575,10,H+10,City-week environmental-only LightGBM regressor
city_area_weighted_rainfall_lag19,0.02110588937114323,0.030820801713301364,0.03424657534246575,10,H+10,City-week environmental-only LightGBM regressor
city_area_weighted_rh_rollmean_lag1_w4,0.02040647991728497,0.007775036081754272,0.02054794520547945,10,H+10,City-week environmental-only LightGBM regressor
city_area_weighted_u_component_of_wind_10m_rollmean_lag1_w8,0.016536156798547762,0.02802737557614414,0.04794520547945205,10,H+10,City-week environmental-only LightGBM regressor
city_area_weighted_pop_density_rollmean_lag1_w8,0.016183615365367426,0.00549373806974254,0.0136986301369863,10,H+10,City-week environmental-only LightGBM regressor
city_area_weighted_pop_density_rollmean_lag1_w4,0.01354634460452606,0.006471437217747567,0.0136986301369863,10,H+10,City-week environmental-only LightGBM regressor
city_area_weighted_pop_density_lag19,0.01288703482081787,0.022812980120117322,0.0273972602739726,10,H+10,City-week environmental-only LightGBM regressor
city_pop_density,0.012426948004488512,0.017971041482378138,0.0136986301369863,10,H+10,City-week environmental-only LightGBM regressor
city_area_weighted_temp_c_lag5,0.011465946148677617,0.0056334093766004,0.00684931506849315,10,H+10,City-week environmental-only LightGBM regressor
city_area_weighted_temp_c_lag4,0.009848693936373203,0.006052423297173984,0.00684931506849315,10,H+10,City-week environmental-only LightGBM regressor
city_area_weighted_rh_rollmean_lag1_w8,0.008118081096730994,0.018669398016667442,0.0410958904109589,10,H+10,City-week environmental-only LightGBM regressor
city_area_weighted_wind_speed_10m_rollmean_lag1_w8,0.006849754975006927,0.019460868755528656,0.02054794520547945,10,H+10,City-week environmental-only LightGBM regressor
city_area_weighted_v_component_of_wind_10m_lag2,0.006356900166077792,0.0032589971600167607,0.00684931506849315,10,H+10,City-week environmental-only LightGBM regressor
week_cos,0.005111185326714007,0.004516038921737511,0.0136986301369863,10,H+10,City-week environmental-only LightGBM regressor
city_area_weighted_rh_lag14,0.004937670304365149,0.011685832673774384,0.0136986301369863,10,H+10,City-week environmental-only LightGBM regressor
week_sin,0.0023005434142480984,0.008566506820615485,0.00684931506849315,10,H+10,City-week environmental-only LightGBM regressor
city_area_weighted_wind_speed_10m_rollmean_lag1_w4,0.0018065829390816678,0.0037245681828762976,0.00684931506849315,10,H+10,City-week environmental-only LightGBM regressor
city_area_weighted_v_component_of_wind_10m_lag1,0.0014646991918660934,0.004469481819451557,0.00684931506849315,10,H+10,City-week environmental-only LightGBM regressor
city_estimated_population,0.4546447988654716,0.44997787719384497,0.30714285714285716,11,H+11,City-week environmental-only LightGBM regressor
city_area_weighted_temp_c_rollmean_lag1_w8,0.12912481086554617,0.0825426478540878,0.06428571428571428,11,H+11,City-week environmental-only LightGBM regressor
city_area_weighted_pop_density_lag20,0.08922403715954372,0.0840666633892139,0.12857142857142856,11,H+11,City-week environmental-only LightGBM regressor
city_area_weighted_temp_c_rollmean_lag1_w4,0.041738685333326656,0.049112629664224965,0.05714285714285714,11,H+11,City-week environmental-only LightGBM regressor
city_area_weighted_v_component_of_wind_10m_rollmean_lag1_w8,0.03724575425122263,0.030185339953787915,0.02142857142857143,11,H+11,City-week environmental-only LightGBM regressor
city_area_weighted_rainfall_rollmean_lag1_w8,0.03150270315479057,0.062238827982891695,0.05,11,H+11,City-week environmental-only LightGBM regressor
city_area_weighted_rainfall_lag18,0.02954274455684903,0.029152942333218624,0.03571428571428571,11,H+11,City-week environmental-only LightGBM regressor
city_area_weighted_v_component_of_wind_10m_rollmean_lag1_w4,0.021556341565435056,0.012683742195565607,0.02857142857142857,11,H+11,City-week environmental-only LightGBM regressor
city_area_weighted_pop_density_rollmean_lag1_w4,0.02013125728251123,0.007964210215820264,0.02142857142857143,11,H+11,City-week environmental-only LightGBM regressor
city_area_weighted_temp_c_lag3,0.015669581128549704,0.015731773265817806,0.02142857142857143,11,H+11,City-week environmental-only LightGBM regressor
city_area_weighted_rainfall_lag19,0.012957206685799505,0.012142962489553119,0.014285714285714285,11,H+11,City-week environmental-only LightGBM regressor
city_area_weighted_pop_density_rollmean_lag1_w8,0.011230222735075917,0.005948576766137358,0.014285714285714285,11,H+11,City-week environmental-only LightGBM regressor
city_area_weighted_temp_c_lag4,0.010506038882375677,0.0076200776756305,0.014285714285714285,11,H+11,City-week environmental-only LightGBM regressor
city_area_weighted_rh_rollmean_lag1_w4,0.009303280439555191,0.009389902168035003,0.014285714285714285,11,H+11,City-week environmental-only LightGBM regressor
city_area_weighted_v_component_of_wind_10m_lag2,0.009220519909372888,0.0034413254018976452,0.007142857142857143,11,H+11,City-week environmental-only LightGBM regressor
week_cos,0.008993787410331855,0.018337348212968882,0.04285714285714286,11,H+11,City-week environmental-only LightGBM regressor
city_area_weighted_rh_lag12,0.008924561536104048,0.020402143454107468,0.02857142857142857,11,H+11,City-week environmental-only LightGBM regressor
city_area_weighted_u_component_of_wind_10m_rollmean_lag1_w4,0.008307020156517846,0.010176490831325893,0.007142857142857143,11,H+11,City-week environmental-only LightGBM regressor
city_area_weighted_pop_density_lag19,0.007552624955546302,0.02138537928322108,0.02142857142857143,11,H+11,City-week environmental-only LightGBM regressor
city_area_weighted_v_component_of_wind_10m_lag1,0.007318254686593443,0.003146354653163561,0.007142857142857143,11,H+11,City-week environmental-only LightGBM regressor
city_pop_density,0.006815825126839408,0.016321714763285974,0.007142857142857143,11,H+11,City-week environmental-only LightGBM regressor
city_area_weighted_rh_lag13,0.006567885855223239,0.006587680055061207,0.007142857142857143,11,H+11,City-week environmental-only LightGBM regressor
city_area_weighted_wind_speed_10m_rollmean_lag1_w4,0.005819026363578288,0.0049653409370237454,0.014285714285714285,11,H+11,City-week environmental-only LightGBM regressor
week_sin,0.0045413567098900156,0.006341871097782803,0.007142857142857143,11,H+11,City-week environmental-only LightGBM regressor
city_area_weighted_wind_speed_10m_lag3,0.0031350506813998904,0.006931812595250971,0.007142857142857143,11,H+11,City-week environmental-only LightGBM regressor
city_area_weighted_rainfall_rollmean_lag1_w4,0.0030407142153968435,0.006292709306327122,0.014285714285714285,11,H+11,City-week environmental-only LightGBM regressor
city_area_weighted_u_component_of_wind_10m_rollmean_lag1_w8,0.0026115816356051245,0.007374268718352096,0.014285714285714285,11,H+11,City-week environmental-only LightGBM regressor
city_area_weighted_wind_speed_10m_rollmean_lag1_w8,0.0019267945696680216,0.008259180964554347,0.014285714285714285,11,H+11,City-week environmental-only LightGBM regressor
city_area_weighted_u_component_of_wind_10m_lag2,8.475332818801415e-4,0.0012782065778476968,0.007142857142857143,11,H+11,City-week environmental-only LightGBM regressor
city_estimated_population,0.371383600987928,0.34743531280799045,0.22328548644338117,12,H+12,City-week environmental-only LightGBM regressor
city_area_weighted_temp_c_rollmean_lag1_w8,0.10155733972809754,0.07809535017137141,0.04784688995215311,12,H+12,City-week environmental-only LightGBM regressor
city_area_weighted_temp_c_rollmean_lag1_w4,0.08948849177917834,0.06765125549785969,0.05741626794258373,12,H+12,City-week environmental-only LightGBM regressor
city_area_weighted_pop_density_lag20,0.07924709950515896,0.08106676865594799,0.07974481658692185,12,H+12,City-week environmental-only LightGBM regressor
city_pop_density,0.07532980198127551,0.08016945911357586,0.05741626794258373,12,H+12,City-week environmental-only LightGBM regressor
city_area_weighted_pop_density_rollmean_lag1_w8,0.03923881588879606,0.018666980479839956,0.02711323763955343,12,H+12,City-week environmental-only LightGBM regressor
city_area_weighted_rainfall_rollmean_lag1_w8,0.03629510641597271,0.060531619128874246,0.07655502392344497,12,H+12,City-week environmental-only LightGBM regressor
city_area_weighted_u_component_of_wind_10m_rollmean_lag1_w8,0.02393376142953627,0.023462438034156603,0.0430622009569378,12,H+12,City-week environmental-only LightGBM regressor
week_cos,0.021494836448862763,0.05285300304496845,0.09569377990430622,12,H+12,City-week environmental-only LightGBM regressor
city_area_weighted_v_component_of_wind_10m_rollmean_lag1_w4,0.020196627864218174,0.020402759594592607,0.028708133971291867,12,H+12,City-week environmental-only LightGBM regressor
city_area_weighted_pop_density_lag19,0.018065953661121823,0.023756637884114678,0.025518341307814992,12,H+12,City-week environmental-only LightGBM regressor
week_sin,0.014552549269199034,0.014636442535414306,0.0430622009569378,12,H+12,City-week environmental-only LightGBM regressor
city_area_weighted_rh_rollmean_lag1_w4,0.014150114393814575,0.008252305791324046,0.02073365231259968,12,H+12,City-week environmental-only LightGBM regressor
city_area_weighted_rainfall_lag18,0.014132311638009206,0.01676939144761036,0.02073365231259968,12,H+12,City-week environmental-only LightGBM regressor
city_area_weighted_rainfall_lag17,0.012665704808817846,0.016887071387593593,0.017543859649122806,12,H+12,City-week environmental-only LightGBM regressor
city_area_weighted_u_component_of_wind_10m_rollmean_lag1_w4,0.011342672351760733,0.018078580779923803,0.022328548644338118,12,H+12,City-week environmental-only LightGBM regressor
city_area_weighted_rh_rollmean_lag1_w8,0.010718743642831824,0.011209014283402716,0.019138755980861243,12,H+12,City-week environmental-only LightGBM regressor
city_area_weighted_v_component_of_wind_10m_lag1,0.00697666359841113,0.0031773583795472265,0.007974481658692184,12,H+12,City-week environmental-only LightGBM regressor
city_area_weighted_wind_speed_10m_rollmean_lag1_w4,0.00684353242712446,0.009384975213662642,0.01594896331738437,12,H+12,City-week environmental-only LightGBM regressor
city_area_weighted_temp_c_lag3,0.005513704440699826,0.0029861284770744765,0.003189792663476874,12,H+12,City-week environmental-only LightGBM regressor
city_area_weighted_temp_c_lag2,0.005426090645144644,0.0038687280269487064,0.004784688995215311,12,H+12,City-week environmental-only LightGBM regressor
city_area_weighted_pop_density_rollmean_lag1_w4,0.005101911930337057,0.0019858489872170166,0.003189792663476874,12,H+12,City-week environmental-only LightGBM regressor
city_area_weighted_rh_lag11,0.003474891113589101,0.009517365146143776,0.009569377990430622,12,H+12,City-week environmental-only LightGBM regressor
city_area_weighted_wind_speed_10m_rollmean_lag1_w8,0.0033075740207791724,0.003295038319530457,0.003189792663476874,12,H+12,City-week environmental-only LightGBM regressor
city_area_weighted_u_component_of_wind_10m_lag1,0.0022080716853033673,0.003236198349538842,0.007974481658692184,12,H+12,City-week environmental-only LightGBM regressor
city_area_weighted_rh_lag12,0.0019655769306766136,0.010782424500963504,0.012759170653907496,12,H+12,City-week environmental-only LightGBM regressor
city_area_weighted_wind_speed_10m_lag3,0.0018645890601049276,8.090495873847105e-4,0.004784688995215311,12,H+12,City-week environmental-only LightGBM regressor
city_area_weighted_wind_speed_10m_lag2,0.0013990295800053777,0.001706359129756844,0.003189792663476874,12,H+12,City-week environmental-only LightGBM regressor
city_area_weighted_v_component_of_wind_10m_rollmean_lag1_w8,9.438035743212172e-4,0.002221208867183478,0.004784688995215311,12,H+12,City-week environmental-only LightGBM regressor
city_area_weighted_rainfall_rollmean_lag1_w4,7.626952510074284e-4,0.006163486856621703,0.009569377990430622,12,H+12,City-week environmental-only LightGBM regressor
city_area_weighted_u_component_of_wind_10m_lag2,3.26296639707272e-4,4.412997749371148e-4,0.001594896331738437,12,H+12,City-week environmental-only LightGBM regressor
city_area_weighted_v_component_of_wind_10m_lag2,9.203730820907871e-5,5.001397449287301e-4,0.001594896331738437,12,H+12,City-week environmental-only LightGBM regressor
